{"timeStamp": "2019-02-15 20:31:20.774699", "name":"Test", "sampleCount": 3, "curValue": 19.54, "totValue": 65.91999999999999, "maxValue": 23.56, "minValue": 20.00, "avgValue": 21.97333333333333}